<?xml version="1.0" encoding="UTF-8" ?>  
<!DOCTYPE mapper PUBLIC "-//ibatis.apache.org//DTD Mapper 3.0//EN"      
	"http://ibatis.apache.org/dtd/ibatis-3-mapper.dtd">

<mapper namespace="cn.tedu.store.mapper.CartMapper">

	<!-- 增加新的购物车数据 -->
	<!-- Integer insert(Cart cart) -->
	<insert id="insert"
		parameterType="cn.tedu.store.entity.Cart"
		useGeneratedKeys="true"
		keyProperty="id">
		INSERT INTO t_cart (
			uid, 
			goods_id,
			goods_image,
			goods_title,
			goods_price,
			goods_num,
			created_user,
			created_time,
			modified_user,
			modified_time
		) VALUES (
			#{uid}, 
			#{goodsId},
			#{goodsImage},
			#{goodsTitle},
			#{goodsPrice},
			#{goodsNum},
			#{createdUser},
			#{createdTime},
			#{modifiedUser},
			#{modifiedTime}
		)
	</insert>
	
	<!-- 根据用户和商品id查询购物车中的数据量 -->
	<!-- Integer getCountByUidAndGoodsId(
			@Param("uid") Integer uid,
			@Param("goodsId") Long goodsId) -->
	<select id="getCountByUidAndGoodsId"
		resultType="java.lang.Integer">
		SELECT 
			COUNT(id) 
		FROM 
			t_cart 
		WHERE 
			uid=#{uid} AND goods_id=#{goodsId}
	</select>
	
	<!-- 修改购物车中商品的数量 -->
	<!-- Integer changeGoodsNum(
			@Param("num") Integer num,
			@Param("uid") Integer uid,
			@Param("goodsId") Long goodsId) -->
	<update id="changeGoodsNum">
		UPDATE 
			t_cart 
		SET 
			goods_num=goods_num + #{num} 
		WHERE 
			uid=#{uid} AND goods_id=#{goodsId}
	</update>
	
	<!-- 获取购物车数据列表 -->
	<!-- List<Cart> getList(
			@Param("uid") Integer uid, 
			@Param("offset") Integer offset, 
			@Param("count") Integer count) -->
	<select id="getList"
		resultType="cn.tedu.store.entity.Cart">
		SELECT
			id, uid,
			goods_id AS goodsId,
			goods_title AS goodsTitle,
			goods_image AS goodsImage,
			goods_price AS goodsPrice,
			goods_num AS goodsNum
		FROM 
			t_cart 
		WHERE 
			uid=#{uid}
		ORDER BY id DESC
		LIMIT #{offset}, #{count}
	</select>
	
	<!-- 获取某用户的购物车数据的数量 -->
	<!-- Integer getCountByUid(Integer uid) -->
	<select id="getCountByUid"
		resultType="java.lang.Integer">
		SELECT COUNT(id) FROM t_cart WHERE uid=#{uid}
	</select>
	
	<!-- 根据多个数据id获取购物车中的数据的列表 -->
	<!-- List<Cart> getListByIds(
			@Param("uid") Integer uid, 
			@Param("ids") Integer[] ids) -->
	<select id="getListByIds"
		resultType="cn.tedu.store.entity.Cart">
		SELECT 
			id, uid,
			goods_id AS goodsId,
			goods_title AS goodsTitle,
			goods_image AS goodsImage,
			goods_price AS goodsPrice,
			goods_num AS goodsNum 
		FROM 
			t_cart 
		WHERE 
			uid=#{uid} AND 
			id IN
			<foreach collection="ids" separator="," item="id"
				open="(" close=")">
				#{id}
			</foreach>
	</select>
	
</mapper>








