<?xml version="1.0" encoding="UTF-8"?>
<beans xmlns="http://www.springframework.org/schema/beans" 
	xmlns:xsi="http://www.w3.org/2001/XMLSchema-instance"
	xmlns:context="http://www.springframework.org/schema/context" 
	xmlns:jdbc="http://www.springframework.org/schema/jdbc"  
	xmlns:jee="http://www.springframework.org/schema/jee" 
	xmlns:tx="http://www.springframework.org/schema/tx"
	xmlns:aop="http://www.springframework.org/schema/aop" 
	xmlns:mvc="http://www.springframework.org/schema/mvc"
	xmlns:util="http://www.springframework.org/schema/util"
	xmlns:jpa="http://www.springframework.org/schema/data/jpa"
	xsi:schemaLocation="
		http://www.springframework.org/schema/beans http://www.springframework.org/schema/beans/spring-beans-3.2.xsd
		http://www.springframework.org/schema/context http://www.springframework.org/schema/context/spring-context-3.2.xsd
		http://www.springframework.org/schema/jdbc http://www.springframework.org/schema/jdbc/spring-jdbc-3.2.xsd
		http://www.springframework.org/schema/jee http://www.springframework.org/schema/jee/spring-jee-3.2.xsd
		http://www.springframework.org/schema/tx http://www.springframework.org/schema/tx/spring-tx-3.2.xsd
		http://www.springframework.org/schema/data/jpa http://www.springframework.org/schema/data/jpa/spring-jpa-1.3.xsd
		http://www.springframework.org/schema/aop http://www.springframework.org/schema/aop/spring-aop-3.2.xsd
		http://www.springframework.org/schema/mvc http://www.springframework.org/schema/mvc/spring-mvc-3.2.xsd
		http://www.springframework.org/schema/util http://www.springframework.org/schema/util/spring-util-3.2.xsd">
	
	<!-- 开启组件扫描 -->
	<context:component-scan 
		base-package="cn.tedu.store.controller" />
		
	<!-- 配置CommonsMultipartResolver -->
	<bean id="multipartResolver" 
		class="org.springframework.web.multipart.commons.CommonsMultipartResolver">
		<property name="maxUploadSize" value="900000" />
		<property name="defaultEncoding" value="utf-8" />
	</bean>
	
	<!-- 视图解析器：根据视图名称得到视图资源 -->
	<bean class="org.springframework.web.servlet.view.InternalResourceViewResolver">
		<!-- 配置前缀 -->
		<property name="prefix"
			value="/WEB-INF/" />
		<!-- 配置后缀 -->
		<property name="suffix"
			value=".jsp" />
	</bean>
	
	<!-- 配置拦截器链 -->
	<mvc:interceptors>
		<!-- 配置第1个拦截器 -->
		<mvc:interceptor>
			<!-- 1. 拦截的路径 -->
			<mvc:mapping path="/user/**" />
			<mvc:mapping path="/address/**" />
			<mvc:mapping path="/cart/**" />
			<mvc:mapping path="/order/**" />
			<mvc:mapping path="/main/index.do" />
			<!-- 2. 例外的路径，不拦截的路径，即白名单-->
			<mvc:exclude-mapping path="/user/reg.do" />
			<mvc:exclude-mapping path="/user/handle_reg.do" />
			<mvc:exclude-mapping path="/user/login.do" />
			<mvc:exclude-mapping path="/user/handle_login.do" />
			<!-- 3. 指定拦截器类 -->
			<bean class="cn.tedu.store.interceptor.LoginInterceptor" />
		</mvc:interceptor>
	</mvc:interceptors>
	
	<!-- 注解驱动 -->
	<mvc:annotation-driven />
	
</beans>












