<?xml version="1.0" encoding="UTF-8"?>
<beans xmlns="http://www.springframework.org/schema/beans" 
	xmlns:xsi="http://www.w3.org/2001/XMLSchema-instance"
	xmlns:context="http://www.springframework.org/schema/context" 
	xmlns:jdbc="http://www.springframework.org/schema/jdbc"  
	xmlns:jee="http://www.springframework.org/schema/jee" 
	xmlns:tx="http://www.springframework.org/schema/tx"
	xmlns:aop="http://www.springframework.org/schema/aop" 
	xmlns:mvc="http://www.springframework.org/schema/mvc"
	xmlns:util="http://www.springframework.org/schema/util"
	xmlns:jpa="http://www.springframework.org/schema/data/jpa"
	xsi:schemaLocation="
		http://www.springframework.org/schema/beans http://www.springframework.org/schema/beans/spring-beans-3.2.xsd
		http://www.springframework.org/schema/context http://www.springframework.org/schema/context/spring-context-3.2.xsd
		http://www.springframework.org/schema/jdbc http://www.springframework.org/schema/jdbc/spring-jdbc-3.2.xsd
		http://www.springframework.org/schema/jee http://www.springframework.org/schema/jee/spring-jee-3.2.xsd
		http://www.springframework.org/schema/tx http://www.springframework.org/schema/tx/spring-tx-3.2.xsd
		http://www.springframework.org/schema/data/jpa http://www.springframework.org/schema/data/jpa/spring-jpa-1.3.xsd
		http://www.springframework.org/schema/aop http://www.springframework.org/schema/aop/spring-aop-3.2.xsd
		http://www.springframework.org/schema/mvc http://www.springframework.org/schema/mvc/spring-mvc-3.2.xsd
		http://www.springframework.org/schema/util http://www.springframework.org/schema/util/spring-util-3.2.xsd">
	
	<!-- 读取db.properties -->
	<util:properties id="dbConfig"
		location="classpath:db.properties" />
		
	<!-- 配置数据源：BasicDataSource -->
	<bean id="ds" 
		class="org.apache.commons.dbcp.BasicDataSource">
		<!-- 以下配置中 -->
		<!-- name的值是BasicDataSource中的属性名(方法名) -->
		<!-- value的值是引用以上读取的配置文件 -->
		<property name="url" 
			value="#{dbConfig.url}" />
		<property name="driverClassName" 
			value="#{dbConfig.driver}" />
		<property name="username" 
			value="#{dbConfig.username}" />
		<property name="password" 
			value="#{dbConfig.password}" />
		<property name="initialSize" 
			value="#{dbConfig.initialSize}" />
		<property name="maxActive" 
			value="#{dbConfig.maxActive}" />
	</bean>
	
	<!-- 配置MapperScannerConfigurer -->
	<bean class="org.mybatis.spring.mapper.MapperScannerConfigurer">
		<!-- 配置接口文件所在的包 -->
		<property name="basePackage"
			value="cn.tedu.store.mapper" />
	</bean>
	
	<!-- 配置SqlSessionFactoryBean -->
	<bean class="org.mybatis.spring.SqlSessionFactoryBean">
		<!-- 配置使用哪个数据源，ref属性的值是前序配置的数据源的bean id -->
		<property name="dataSource" 
			ref="ds" />
		<!-- 配置XML映射文件的位置 -->
		<property name="mapperLocations"
			value="classpath:mappers/*.xml" />
	</bean>
	
	<!-- 配置事务管理器 -->
	<bean id="transactionManager"
		class="org.springframework.jdbc.datasource.DataSourceTransactionManager">
		<!-- 数据源，ref的值请参考前序配置的数据源的id -->
		<property name="dataSource"
			ref="ds" />
	</bean>
	
	<!-- 注解驱动 -->
	<!-- transaction-manager的值是以上事务管理器的id -->
	<tx:annotation-driven 
		transaction-manager="transactionManager" />
	
</beans>












